"0","p.est <- predict(ada.boost, newdata = test, type = ""probs"")"
"0","head(p.est)"
"1","  "
"1","       [,1]"
"1","      [,2]"
"1","
1 "
"1"," 0.49877103"
"1"," 0.5012290"
"1","
4 "
"1"," 0.30922187"
"1"," 0.6907781"
"1","
9 "
"1"," 0.02774336"
"1"," 0.9722566"
"1","
10"
"1"," 0.04596187"
"1"," 0.9540381"
"1","
12"
"1"," 0.44274407"
"1"," 0.5572559"
"1","
16"
"1"," 0.37375910"
"1"," 0.6262409"
"1","
"
